{
 "weighted_variance": 0.00023558840333562974,
 "weighted_std": 0.015348889319283977
}