{
 "weighted_variance": 0.0019368738790403687,
 "weighted_std": 0.04400992932328304
}